word,count
不,2920
之,2188
心,1409
无,1395
一,1320
人,1207
天,1019
风,1012
大,832
如,829
言,707
生,672
而,655
有,622
自,587
山,586
地,557
相,535
日,528
头,517
水,504
目,503
三,497
高,483
马,481
成,481
下,465
气,449
云,445
神,437
以,433
金,431
口,427
情,422
行,422
万,415
花,413
出,407
玉,397
意,392
千,392
名,389
道,384
流,379
为,378
文,376
世,373
龙,373
然,370
百,370
手,365
月,357
同,356
事,355
门,353
可,351
死,349
见,347
声,345
长,342
面,342
知,332
虎,331
中,328
雨,326
明,320
海,318
上,318
家,313
子,311
身,310
眼,308
难,307
食,305
重,302
发,302
白,297
火,295
时,290
深,290
分,286
作,285
其,284
安,282
得,278
力,274
老,270
飞,270
鱼,270
绝,267
穷,266
足,266
东,266
才,264
年,263
清,262
里,261
入,258
色,257
若,256
国,256
功,253
耳,253
来,249
小,247
语,246
后,245
断,245
正,244
义,244
衣,243
利,242
古,242
所,240
眉,240
远,238
骨,237
落,235
石,235
凤,235
恶,232
思,229
四,226
失,225
多,225
民,223
尽,221
物,220
光,220
过,220
立,215
当,212
轻,211
两,211
求,210
兵,210
方,210
德,209
形,209
公,209
舌,208
望,207
非,205
惊,205
于,204
众,202
满,201
胆,199
西,199
说,197
交,196
前,196
善,196
连,194
乱,194
平,192
俗,192
空,192
闻,191
八,191
好,190
通,190
合,188
归,187
举,186
开,186
经,186
从,185
理,185
外,185
离,184
去,184
影,183
木,183
计,183
反,182
新,182
虚,182
命,181
志,181
在,178
首,178
草,178
遗,178
五,177
忘,177
破,177
黄,176
打,174
变,174
珠,174
乐,172
节,172
朝,172
进,170
直,169
书,169
势,168
步,168
车,168
动,168
苦,165
本,165
起,165
指,164
取,163
半,163
酒,163
论,162
学,161
牛,161
九,160
路,159
雪,159
祸,159
河,158
笑,158
短,158
精,157
鬼,157
鸡,157
容,156
投,155
异,155
扬,155
实,152
视,152
能,151
易,151
春,151
星,151
守,150
青,150
二,150
是,150
狗,148
毛,148
故,148
斗,148
用,147
张,146
横,146
解,146
独,145
极,145
夜,144
魂,143
土,143
强,143
冰,143
胜,142
士,142
居,142
应,141
至,141
辞,140
今,140
折,139
兴,139
回,139
鼓,139
走,139
负,139
弄,138
怀,137
群,137
肉,136
背,136
就,136
干,136
谈,136
随,136
笔,136
倒,135
己,135
孤,135
十,135
余,135
劳,134
根,134
奇,134
法,134
机,133
香,133
谋,133
先,133
顾,133
秋,132
微,132
狼,132
七,131
齿,131
露,131
罪,131
未,131
迹,130
鼠,130
铁,130
引,130
贵,129
移,129
红,128
舞,128
亲,127
贤,127
肠,127
腹,127
观,126
寡,126
弃,125
沉,124
武,124
鹤,123
脚,123
危,123
和,123
私,123
鸣,123
寒,123
刀,123
悬,123
游,123
积,123
爱,122
信,122
女,122
待,120
往,120
户,119
别,119
舍,119
常,119
达,119
急,119
亡,119
恩,119
画,119
美,119
嘴,118
化,118
识,117
少,117
词,117
角,117
问,117
残,116
争,116
牙,116
枝,116
战,116
虑,116
将,116
暮,116
寸,116
顺,115
及,115
甲,115
没,115
定,114
结,114
业,114
败,114
转,114
章,114
体,114
尘,114
息,113
坐,113
柳,113
与,112
梦,112
歌,112
卖,112
欲,110
痛,110
济,110
疾,110
饮,110
全,109
主,109
临,109
燕,109
比,108
并,108
旧,108
藏,108
夺,108
拔,108
推,108
散,108
莫,107
浪,107
福,107
放,107
逐,106
井,106
终,106
听,106
喜,105
杀,105
脑,105
巧,105
改,105
传,105
丝,104
富,104
华,104
血,104
南,104
退,104
枕,103
度,103
鼎,103
鸿,102
波,102
妙,102
含,102
官,102
间,102
养,102
烟,102
磨,101
关,101
带,100
荡,100
齐,100
城,100
夫,100
曲,99
伤,99
野,99
屈,99
礼,99
皮,99
六,99
壁,99
我,99
末,99
肝,99
会,98
履,97
尺,97
怪,97
忧,97
盈,97
甘,97
累,97
敌,96
鸟,96
真,96
怒,96
怨,95
冠,95
尾,95
唇,95
叶,95
受,94
羊,94
索,94
切,94
威,94
摇,94
致,94
迷,94
抱,94
鸾,94
浮,94
屋,93
财,93
贪,93
林,93
复,93
处,92
锦,92
使,91
击,91
智,91
接,91
良,90
枯,90
持,90
源,90
树,90
颜,90
毫,90
江,90
堂,90
仁,89
贫,89
存,89
暴,89
阳,89
岁,89
必,88
肩,88
呼,88
儿,88
报,88
任,88
附,88
奸,88
戈,88
墨,88
乘,88
权,87
楚,87
披,87
追,87
室,86
字,86
贯,86
何,86
师,86
隐,86
愁,85
欢,85
蛇,85
因,85
博,84
暗,84
倾,84
薄,84
兼,84
性,84
厉,84
墙,83
荣,83
音,83
北,83
病,83
穿,83
点,83
令,83
竭,83
简,83
久,83
救,82
避,82
犬,82
图,81
剑,81
类,81
朱,81
活,81
此,81
广,81
覆,80
胸,80
寻,80
垂,80
疑,80
热,80
吹,80
竹,79
者,79
内,79
超,79
饭,79
丧,79
涂,79
丰,79
狐,79
伏,79
刻,79
吞,78
雄,78
布,78
称,78
造,78
近,78
止,78
调,78
决,78
冲,78
束,77
阴,77
冷,77
厚,77
尊,76
弱,76
盘,76
谷,76
薪,76
细,76
雕,76
运,76
夕,76
共,75
原,75
黑,75
假,75
快,75
对,75
消,74
紫,74
代,74
电,74
素,73
闲,73
集,73
废,73
赏,73
患,73
桃,73
错,73
朽,73
瓦,73
忍,72
逸,72
沙,72
登,72
俱,72
雾,72
灭,72
收,72
碎,72
恨,71
静,71
魄,71
雷,71
坚,71
害,71
想,71
治,70
已,70
圆,70
席,70
采,70
诚,70
加,70
臣,70
施,70
片,70
床,70
钟,70
仰,70
胡,70
各,70
感,69
做,69
敬,69
低,69
王,69
修,69
始,69
补,69
迁,68
灰,68
囊,68
李,68
焚,68
悲,68
友,68
乡,68
逆,68
左,68
底,68
返,68
昏,68
梁,67
霜,67
越,67
吃,67
舟,67
端,67
英,67
振,67
聚,67
双,67
由,67
则,67
翻,67
阿,66
绿,66
欺,66
攻,66
零,66
载,66
驰,66
置,66
教,66
肥,66
蹈,66
蜂,66
貌,65
奔,65
君,65
汤,65
雅,65
粉,65
景,65
忠,65
逢,64
除,64
纵,64
材,64
餐,64
桑,64
量,64
蓬,64
弦,64
卧,63
偷,63
踵,63
市,63
泣,63
勇,63
徒,63
招,63
扶,63
枉,63
雀,63
盗,62
塞,62
泰,62
向,62
盖,62
臂,62
颠,62
拳,62
秀,62
楼,62
盛,62
闭,62
买,62
兰,62
烂,62
雁,62
男,62
析,62
历,62
纳,61
疏,61
街,61
依,61
掩,61
翼,61
狂,61
泥,61
益,61
规,61
柔,61
脸,60
瑕,60
巷,60
洗,60
誉,60
飘,60
饥,59
羞,59
羽,59
营,59
固,59
休,59
璧,59
壮,59
潜,59
留,58
陈,58
途,58
客,58
鳞,58
管,58
继,58
句,58
策,58
议,58
换,58
趋,57
哀,57
裘,57
寿,57
瓜,57
数,57
要,57
戴,57
制,57
汗,57
弹,57
宝,56
军,56
针,56
漏,56
更,56
妄,56
醉,56
纸,56
洋,56
辙,56
膏,56
捉,56
措,56
宿,56
垢,56
触,56
牵,56
承,55
服,55
叹,55
浅,55
乌,55
贼,55
循,55
寝,55
工,55
执,55
征,55
邪,55
违,55
洞,55
凿,55
还,55
右,55
豪,54
淡,54
约,54
灵,54
再,54
辱,54
仇,54
姿,54
味,54
渊,54
巢,54
泪,54
奉,53
习,53
密,53
旗,53
蝇,53
赤,53
蚁,53
凡,53
条,53
彩,53
绳,53
态,53
革,53
装,53
畏,53
殊,53
照,53
镜,53
烈,53
毁,52
算,52
遇,52
了,52
弟,52
筹,52
田,52
操,52
只,52
质,52
果,52
单,52
著,52
周,51
贱,51
傲,51
灾,51
兔,51
冤,51
表,51
杯,51
刺,51
严,51
妇,51
靡,51
旁,51
乎,51
迎,50
支,50
克,50
裂,50
隙,50
袖,50
价,50
哭,50
扫,50
繁,50
挂,50
幽,50
旷,50
似,50
温,50
艳,49
销,49
罗,49
倚,49
升,49
绣,49
备,49
吐,49
纷,49
烛,49
掌,49
淫,49
看,48
器,48
油,48
弊,48
据,48
饱,48
泽,48
吊,48
肤,48
拿,48
割,48
皇,48
台,48
焦,48
娇,47
默,47
费,47
荒,47
到,47
昼,47
皆,47
泉,47
握,47
杂,47
测,47
宜,47
择,47
缘,47
攀,47
伦,47
遁,47
彻,47
庭,47
惟,47
苟,46
释,46
顿,46
厌,46
穴,46
刚,46
格,46
封,46
敛,46
腾,46
粗,46
窥,46
助,45
念,45
责,45
期,45
敲,45
丹,45
元,45
宗,45
着,45
拙,45
缺,45
弓,45
芒,45
借,45
挥,45
矢,45
骇,45
巨,45
松,45
妻,45
禄,45
昭,45
崩,45
矩,45
父,44
渴,44
象,44
领,44
包,44
样,44
摧,44
荆,44
药,44
犯,44
锋,44
辉,44
跃,44
鹰,44
窃,44
昧,43
悔,43
儒,43
诸,43
孙,43
俯,43
腰,43
肆,43
染,43
奋,43
差,43
绵,43
略,43
漫,43
软,43
党,42
戏,42
珍,42
困,42
踪,42
察,42
箭,42
灯,42
拜,42
话,42
虫,42
愚,42
卑,42
躬,42
朋,42
旦,42
尔,42
逾,42
桂,42
显,42
沸,42
托,42
赫,42
杜,42
琴,42
隔,42
险,41
斤,41
探,41
拉,41
抽,41
赴,41
伐,41
拾,41
斯,41
敢,41
祖,41
翠,41
撞,41
罚,41
刑,41
慎,41
告,40
骂,40
顶,40
怜,40
恭,40
状,40
骥,40
送,40
巴,40
丁,40
川,40
毒,40
孔,40
史,40
髓,40
响,40
池,40
优,40
脱,40
圣,40
拥,40
豆,40
诗,40
矫,40
宾,39
迭,39
叠,39
永,39
现,39
愤,39
窗,39
芳,39
吉,39
兽,39
务,39
耻,39
衔,39
跳,39
诛,39
委,39
凶,39
政,39
忙,39
须,39
镂,39
秦,39
瘦,39
案,38
枪,38
参,38
敝,38
效,38
痴,38
缩,38
艰,38
甚,38
驱,38
骄,38
卓,38
莺,38
米,38
提,38
延,38
轮,37
适,37
丘,37
童,37
禁,37
柱,37
唱,37
辨,37
筋,37
饰,37
滴,37
网,37
廉,37
整,37
混,37
弥,36
佛,36
母,36
惜,36
防,36
摸,36
凌,36
爽,36
辩,36
丑,36
佳,36
彼,36
庸,36
尸,36
竖,36
鹿,36
污,36
偃,36
龟,36
误,36
唯,36
砺,36
拖,36
鹄,36
麻,36
夏,36
遥,36
等,36
鼻,35
媚,35
攘,35
肚,35
仙,35
卷,35
刃,35
陵,35
萧,35
誓,35
旋,35
展,35
钻,35
坠,35
次,35
涕,35
锐,35
碌,35
阁,35
遮,35
烦,35
姓,35
便,35
洁,35
诡,35
聋,35
愧,35
勤,35
衰,35
船,35
沾,35
吟,35
注,35
骑,35
摩,35
铜,35
宁,34
界,34
茅,34
玩,34
冥,34
境,34
位,34
茂,34
鞭,34
驾,34
标,34
壶,34
惑,34
拘,34
抹,34
剖,34
篇,34
惨,34
丽,34
抵,34
续,34
太,33
班,33
壑,33
板,33
苍,33
忌,33
霞,33
宽,33
碧,33
滚,33
慌,33
即,33
线,33
设,33
冬,33
扯,33
釜,33
栋,33
停,33
浑,33
增,33
惹,33
保,32
场,32
钱,32
稳,32
团,32
稀,32
阔,32
慢,32
堪,32
完,32
羹,32
粟,32
被,32
蒙,32
耕,32
夷,32
埋,32
趣,32
壤,32
麟,32
睹,32
典,32
犹,32
际,32
术,32
列,32
玄,32
襟,32
添,32
授,32
琼,32
宵,32
降,32
损,32
熊,32
吠,32
职,32
韬,32
戚,31
邦,31
胎,31
献,31
郎,31
鉴,31
堕,31
挑,31
阵,31
斧,31
技,31
宫,31
恋,31
充,31
号,31
毕,31
肺,31
拨,31
涌,31
料,31
冒,31
羁,31
腐,31
科,31
浊,31
泛,31
晨,31
撒,31
妆,31
震,31
蝶,31
跌,31
栖,31
邻,31
压,31
愿,31
悦,31
专,30
昂,30
伸,30
刮,30
援,30
丈,30
股,30
获,30
具,30
衡,30
宇,30
环,30
让,30
拱,30
额,30
研,30
边,30
径,30
鬓,30
诈,30
瞻,30
矜,30
孝,30
绪,30
卵,30
种,30
啼,30
乖,30
初,30
忽,30
悠,30
钩,30
砥,30
突,30
银,30
盲,30
慈,29
籍,29
茹,29
搜,29
盟,29
匿,29
律,29
虐,29
寄,29
惠,29
歪,29
蔽,29
鹊,29
偏,29
偶,29
臭,29
逃,29
痒,29
否,29
激,29
郁,29
妖,29
戒,29
簪,29
豕,29
棘,29
袭,29
沥,29
鲁,29
浩,29
猛,29
陶,29
按,28
醋,28
府,28
劫,28
腮,28
汉,28
圭,28
读,28
品,28
兄,28
倍,28
截,28
熟,28
缓,28
暖,28
朴,28
赃,28
膝,28
陋,28
谢,28
慨,28
聪,28
秉,28
疆,28
勃,28
芥,28
轩,28
净,28
勿,28
架,28
炊,28
程,28
崇,28
涯,28
彰,28
乔,28
鲜,28
晚,28
捐,28
讨,28
脉,28
尚,28
滔,28
怡,28
叫,27
霄,27
掷,27
抚,27
杨,27
缕,27
傍,27
介,27
阙,27
摘,27
藉,27
垒,27
宠,27
殚,27
肘,27
椎,27
驴,27
硕,27
俭,27
讳,27
省,27
仪,27
沟,27
祥,27
几,27
蝉,27
亭,27
乾,27
罔,27
州,27
庆,27
陷,27
茫,27
扇,27
铢,27
浆,27
扑,27
瑟,27
付,27
斩,27
饿,26
恤,26
隅,26
晦,26
翔,26
轨,26
涉,26
商,26
捷,26
坏,26
陆,26
窜,26
瓮,26
填,26
局,26
润,26
颈,26
缠,26
烧,26
暇,26
奈,26
恍,26
阶,26
纤,26
蛙,26
猿,26
嚼,26
翩,26
较,26
株,26
模,26
爪,26
鸠,26
铸,26
谨,26
融,26
旨,25
蒸,25
倦,25
赖,25
却,25
遂,25
凭,25
徇,25
溺,25
梅,25
启,25
肌,25
剥,25
洽,25
卒,25
溢,25
夸,25
秽,25
沐,25
盐,25
漆,25
丢,25
呆,25
试,25
爵,25
湖,25
谏,25
赋,25
坤,25
屏,25
锥,25
排,25
萍,25
搭,24
恬,24
揽,24
把,24
资,24
竿,24
攒,24
谊,24
选,24
豹,24
迟,24
侧,24
慧,24
炭,24
疲,24
伯,24
乏,24
请,24
脂,24
匡,24
燎,24
怕,24
迫,24
契,24
艾,24
夙,24
韵,24
朗,24
祝,24
蟠,24
硬,24
嫌,23
幼,23
仓,23
梗,23
织,23
恣,23
恐,23
货,23
聊,23
斑,23
乞,23
炙,23
淋,23
系,23
箕,23
帷,23
坑,23
匠,23
袍,23
仗,23
蒂,23
眠,23
宏,23
牢,23
艺,23
俏,23
禽,23
钝,23
辈,23
趁,23
喝,23
拈,23
峻,23
岳,23
拍,23
耿,23
泼,23
射,23
题,23
佩,23
浓,23
鬻,23
慕,23
屯,23
贞,23
熏,23
杳,23
顽,22
宅,22
萤,22
渝,22
庄,22
映,22
疮,22
颓,22
垣,22
笼,22
卫,22
联,22
袂,22
属,22
戮,22
酸,22
擒,22
遭,22
烹,22
产,22
抉,22
悟,22
块,22
眩,22
哑,22
杖,22
遐,22
腔,22
缚,22
匹,22
认,22
康,22
渐,22
颐,22
瞪,22
扭,22
蠹,22
纲,22
皓,22
铭,22
磊,22
殷,22
孜,22
姑,21
挨,21
妍,21
醒,21
值,21
钗,21
蔓,21
辰,21
逼,21
司,21
捕,21
炎,21
蹇,21
戎,21
殃,21
汹,21
茶,21
黍,21
喻,21
迩,21
剩,21
凫,21
社,21
第,21
滥,21
希,21
捣,21
渺,21
幕,21
豁,21
乳,21
序,21
村,21
输,21
担,21
咬,21
瞒,21
掉,21
逝,21
徙,21
稔,21
岩,21
匪,21
唾,21
薰,21
谦,21
你,21
遍,20
虞,20
阻,20
耸,20
陌,20
岭,20
率,20
挠,20
纪,20
旅,20
播,20
哉,20
惩,20
辟,20
他,20
互,20
轴,20
笃,20
御,20
咎,20
溃,20
踏,20
絮,20
菜,20
惶,20
蹑,20
柴,20
掣,20
扼,20
眦,20
灶,20
都,20
噎,20
警,20
房,20
绕,20
减,20
凛,20
铺,20
怯,20
屡,20
遣,20
款,20
榆,20
嫉,20
耀,20
溯,20
劈,20
纨,20
欣,20
啸,20
剔,20
袅,20
狱,19
抑,19
跋,19
伶,19
摆,19
侯,19
丸,19
尝,19
练,19
漓,19
锁,19
抛,19
竞,19
撩,19
谬,19
觅,19
励,19
麦,19
逞,19
训,19
扣,19
帛,19
维,19
咽,19
巾,19
豺,19
吴,19
睫,19
骸,19
糜,19
悉,19
裹,19
蛾,19
滑,19
捧,19
棋,19
翥,19
尤,19
焉,19
涸,19
渭,19
予,19
揎,19
答,18
碍,18
雌,18
亏,18
哺,18
戟,18
搔,18
黜,18
舆,18
诺,18
创,18
贩,18
钉,18
炳,18
符,18
裁,18
座,18
魔,18
记,18
臼,18
咏,18
鸦,18
驷,18
啮,18
编,18
孽,18
吾,18
蹙,18
层,18
涎,18
胶,18
帝,18
诵,18
伺,18
涤,18
骋,18
绘,18
侈,18
蓄,18
蛮,18
傅,18
尖,18
揭,18
促,18
惯,18
汪,18
桀,18
亮,18
沽,18
蜜,18
且,18
酌,18
喉,18
敦,18
许,18
槁,18
屠,18
唐,18
携,18
区,18
曳,18
甜,18
尧,18
潮,17
详,17
塌,17
挺,17
桥,17
寇,17
瓶,17
审,17
骤,17
躁,17
辛,17
缨,17
笨,17
划,17
透,17
奴,17
箪,17
粮,17
秣,17
糠,17
卜,17
讹,17
例,17
寂,17
琢,17
抗,17
拒,17
晓,17
栉,17
藻,17
迈,17
骈,17
乍,17
绰,17
渔,17
捞,17
诞,17
吏,17
仆,17
钓,17
凄,17
捏,17
燃,17
汲,17
掘,17
衅,17
濡,17
稽,17
族,17
沿,17
杏,17
协,17
挈,17
浇,17
抓,17
另,17
瑶,17
猴,17
医,17
贻,17
噬,17
纬,17
熙,17
判,17
瘠,16
剪,16
冻,16
牍,16
鲸,16
犀,16
般,16
咸,16
炼,16
茧,16
柏,16
考,16
谤,16
箧,16
慷,16
弯,16
削,16
也,16
腋,16
杼,16
扰,16
瞽,16
栗,16
诲,16
裙,16
窍,16
插,16
铄,16
畅,16
兢,16
爨,16
写,16
箫,16
录,16
漂,16
骚,16
锣,16
贾,16
妒,16
腑,16
堆,16
歧,16
鹅,16
洒,16
洪,16
屦,16
糊,16
踞,16
枢,16
晕,16
舒,16
扪,16
猫,15
谄,15
梨,15
缝,15
浴,15
堵,15
酬,15
辔,15
访,15
遏,15
苗,15
弩,15
霸,15
衫,15
绩,15
蚌,15
替,15
沧,15
铅,15
项,15
瑜,15
郭,15
爬,15
酣,15
翰,15
凉,15
炉,15
速,15
钧,15
奢,15
皂,15
觉,15
究,15
套,15
庙,15
猜,15
隆,15
荐,15
喘,15
槃,15
昌,15
嘲,15
澄,15
寐,15
鸱,15
闳,15
衍,15
秘,15
犊,15
刿,15
裕,15
阑,15
导,15
围,15
蹄,15
申,15
俎,15
证,15
螳,15
侃,15
嘉,15
崖,15
擅,15
咄,15
番,15
趾,15
枭,15
昔,15
煮,15
挟,15
悛,15
讲,15
苏,15
喷,15
溜,15
轰,15
叩,15
恃,15
纡,15
蜗,15
诱,15
铮,15
啧,15
雍,15
翁,14
擦,14
毙,14
岸,14
牖,14
览,14
丛,14
萃,14
枣,14
刍,14
驹,14
蓝,14
灌,14
喙,14
筑,14
褒,14
园,14
冯,14
燥,14
牧,14
幻,14
贝,14
悖,14
轶,14
育,14
倡,14
豚,14
闺,14
帽,14
企,14
的,14
涛,14
季,14
津,14
紧,14
遑,14
歹,14
亦,14
娱,14
巍,14
惕,14
像,14
闹,14
喧,14
炮,14
矣,14
劝,14
忿,14
蠖,14
嗟,14
潘,14
钜,14
粱,14
捶,14
泄,14
骗,14
特,14
衾,14
批,14
确,14
闪,14
绮,14
磕,14
煎,14
狠,14
擿,14
弗,14
躯,14
伟,14
暑,14
衢,14
构,14
均,14
浃,14
乃,14
恢,14
寓,14
戛,14
夭,14
早,14
谆,14
谀,13
遵,13
蒲,13
鞍,13
骏,13
黯,13
鳌,13
占,13
奏,13
罢,13
婆,13
翅,13
掀,13
刁,13
龄,13
辕,13
搬,13
辣,13
梧,13
伪,13
鄙,13
膺,13
椽,13
屑,13
券,13
森,13
幅,13
雏,13
谲,13
菽,13
统,13
吭,13
赞,13
鞋,13
涩,13
斫,13
惭,13
焕,13
躲,13
揉,13
莽,13
谗,13
胁,13
晋,13
腕,13
厄,13
颂,13
惧,13
跨,13
弛,13
宕,13
鹜,13
给,13
蚓,13
普,13
抟,13
盆,13
孑,13
裳,13
衷,13
峰,13
梯,13
殿,13
肾,13
凑,13
役,13
湿,13
瞎,13
挽,13
鹏,13
旰,13
建,13
晏,13
毂,13
刳,13
韩,13
魏,13
涣,13
肴,13
嫁,13
缄,13
拣,13
泾,13
眷,13
漠,13
睚,13
荦,13
熬,12
逊,12
玲,12
珑,12
啖,12
帜,12
办,12
卿,12
宋,12
懂,12
摄,12
璞,12
戾,12
褐,12
萌,12
愆,12
屣,12
帚,12
驽,12
泻,12
窝,12
滋,12
榻,12
抢,12
亢,12
掠,12
枚,12
既,12
宣,12
劣,12
帆,12
逮,12
敏,12
驭,12
吸,12
液,12
腊,12
幸,12
柯,12
峦,12
嶂,12
夹,12
颤,12
宴,12
齑,12
撑,12
努,12
瞠,12
婿,12
蠢,12
闷,12
陟,12
辅,12
喊,12
淘,12
瓢,12
谩,12
描,12
杰,12
俊,12
咕,12
貂,12
媒,12
拽,12
睡,12
肯,12
粥,12
庞,12
屁,12
肱,12
聩,12
植,12
枘,12
罴,12
芝,12
骧,12
凝,12
盼,12
鉥,12
斜,12
侣,12
贿,12
孟,12
毡,12
痈,12
馈,12
肃,12
阜,12
舜,12
又,12
郑,12
示,11
配,11
瞋,11
诘,11
砖,11
蜀,11
锅,11
撼,11
斋,11
赐,11
跑,11
挫,11
凋,11
鹑,11
柄,11
僵,11
晴,11
靠,11
懒,11
篱,11
菲,11
泗,11
拷,11
窦,11
荜,11
蔬,11
茵,11
坎,11
僻,11
澜,11
砂,11
揣,11
匮,11
卯,11
伍,11
蚕,11
曹,11
勋,11
笠,11
磬,11
耆,11
秤,11
伊,11
允,11
猾,11
翦,11
棺,11
畜,11
咀,11
峙,11
搅,11
泊,11
个,11
厥,11
罄,11
戢,11
铃,11
坛,11
睛,11
葛,11
筲,11
觞,11
焰,11
耗,11
债,11
蕙,11
荏,11
派,11
贴,11
拯,11
亘,11
梓,11
勾,11
嚎,11
函,11
谁,11
塔,11
猪,11
擎,11
瞬,11
棱,11
咫,11
杞,11
涓,11
偎,11
缰,11
婚,11
评,11
傻,11
孳,11
矮,10
憎,10
磐,10
住,10
徐,10
锤,10
渡,10
嗷,10
鳖,10
睨,10
抬,10
扒,10
辖,10
赵,10
扈,10
宰,10
葩,10
俐,10
谐,10
殆,10
瘁,10
棒,10
贬,10
售,10
雠,10
厝,10
粒,10
粪,10
吝,10
享,10
筚,10
嚣,10
炫,10
蹊,10
彬,10
拏,10
剧,10
糟,10
厘,10
脾,10
愈,10
韦,10
淹,10
腥,10
馥,10
煌,10
颖,10
庐,10
吻,10
阐,10
弘,10
懈,10
箸,10
蚊,10
飧,10
召,10
怠,10
沦,10
舵,10
耐,10
颊,10
裸,10
闾,10
旱,10
储,10
瘢,10
馔,10
峭,10
萱,10
蔚,10
京,10
羔,10
践,10
荫,10
坦,10
吁,10
茕,10
赌,10
璋,10
蛟,10
堑,10
拊,10
踊,10
譬,10
竟,10
敷,10
潦,10
勒,10
式,10
唧,10
俦,10
鲠,10
噪,10
迢,10
鸥,10
吮,10
淆,10
幺,10
弧,10
怙,10
哗,10
惚,10
赦,10
烁,10
佯,10
旌,10
奕,10
沫,10
舐,10
犁,10
副,10
羡,10
鹭,10
韶,10
淑,10
扮,10
祁,10
娓,10
佞,9
部,9
队,9
盎,9
姜,9
聱,9
奥,9
巡,9
恒,9
蜡,9
钺,9
验,9
榜,9
讼,9
苞,9
矛,9
耘,9
婢,9
鬟,9
檐,9
淮,9
饶,9
芙,9
搏,9
域,9
胫,9
免,9
揆,9
胃,9
撮,9
兆,9
壹,9
黔,9
蟹,9
灿,9
箱,9
榭,9
砌,9
拆,9
牌,9
锄,9
冶,9
毅,9
霆,9
砾,9
衒,9
徊,9
县,9
篆,9
殢,9
沈,9
卢,9
靴,9
组,9
疵,9
辍,9
葱,9
脆,9
揖,9
霍,9
蹐,9
印,9
锯,9
掇,9
涵,9
狭,9
咂,9
烘,9
咒,9
窄,9
珪,9
岐,9
曼,9
淳,9
蜚,9
沃,9
镳,9
豫,9
窟,9
赘,9
谭,9
拭,9
麾,9
呵,9
鳏,9
镇,9
椟,9
颔,9
螂,9
瑞,9
健,9
绍,9
渠,9
谔,9
袒,9
挖,9
呕,9
梭,9
鸢,9
楞,9
愣,9
睁,9
牝,9
琐,9
每,9
曝,9
昃,9
忐,9
忑,9
莸,9
扎,8
劲,8
恼,8
诎,8
魅,8
钢,8
叛,8
阖,8
帮,8
钥,8
鲍,8
殒,8
碑,8
厮,8
绷,8
羸,8
粝,8
琶,8
笏,8
蓉,8
肓,8
辜,8
埙,8
农,8
骛,8
刊,8
症,8
绌,8
亨,8
赠,8
寰,8
觚,8
曾,8
查,8
蕴,8
嗔,8
烽,8
鞠,8
挢,8
嗜,8
叱,8
演,8
缪,8
幄,8
稠,8
杵,8
巫,8
虱,8
疥,8
范,8
绅,8
昆,8
椿,8
醇,8
航,8
簇,8
榱,8
喳,8
晷,8
搓,8
蹉,8
跎,8
仕,8
沓,8
讷,8
煞,8
卸,8
纶,8
眈,8
惮,8
叨,8
斟,8
伎,8
饴,8
颦,8
瞑,8
绠,8
溷,8
噩,8
汝,8
拂,8
讥,8
诋,8
脏,8
臆,8
孺,8
概,8
瞩,8
魁,8
擐,8
胄,8
邀,8
鸩,8
邯,8
郸,8
剜,8
狮,8
唤,8
诌,8
潭,8
瘴,8
彗,8
沌,8
烬,8
钳,8
迥,8
葭,8
锵,8
狡,8
络,8
飒,8
裾,8
浸,8
殉,8
硁,8
铿,8
括,8
嘶,8
攸,8
濯,8
懦,8
总,8
兀,8
侮,8
砲,8
毋,8
邑,8
宛,8
询,8
怏,8
悍,7
嶙,7
澈,7
葵,7
叟,7
慰,7
贷,7
臻,7
卉,7
递,7
娘,7
鹬,7
椠,7
肖,7
觥,7
预,7
蹦,7
甍,7
砚,7
髀,7
玑,7
墓,7
莲,7
篪,7
薮,7
候,7
护,7
恕,7
莠,7
疼,7
赡,7
贰,7
赢,7
恻,7
娥,7
跖,7
锺,7
篷,7
衿,7
埃,7
哄,7
拄,7
儆,7
鸮,7
棍,7
蠡,7
橐,7
咤,7
雉,7
隋,7
馆,7
囚,7
怵,7
渟,7
斝,7
吼,7
帘,7
珊,7
脍,7
宦,7
芦,7
礴,7
廷,7
猷,7
庖,7
黛,7
耽,7
郊,7
屎,7
梢,7
彫,7
槛,7
缛,7
盔,7
猎,7
挪,7
辄,7
浦,7
惺,7
睦,7
珥,7
谎,7
詈,7
狸,7
校,7
纭,7
潇,7
唳,7
饕,7
疯,7
帖,7
弭,7
黼,7
炬,7
庚,7
篑,7
彘,7
谣,7
拐,7
曜,7
苑,7
衮,7
荼,7
蒿,7
讬,7
眇,7
槐,7
悚,7
赂,7
钵,7
楫,7
飡,7
殁,7
迅,7
锱,7
级,7
滞,7
核,7
驯,7
轸,7
纠,7
狈,7
距,7
攫,7
霏,7
琅,7
崎,7
蝎,7
寥,7
籁,7
舄,7
蛛,7
狞,7
梳,7
喃,7
娉,7
婷,7
沁,7
障,7
胝,7
苫,7
岂,7
灼,7
顷,7
恂,7
稍,7
愒,7
嘻,7
逍,7
樽,7
郢,7
悼,6
忾,6
寨,6
盂,6
敖,6
擢,6
偕,6
侵,6
赎,6
芬,6
亩,6
桐,6
鸳,6
汇,6
饼,6
悴,6
肿,6
匕,6
冢,6
阱,6
琵,6
仲,6
啜,6
孚,6
倪,6
缁,6
僧,6
需,6
酉,6
絜,6
综,6
骖,6
漱,6
啄,6
蜕,6
粲,6
髯,6
碰,6
嫣,6
馋,6
赜,6
偿,6
溘,6
饔,6
炒,6
辏,6
阗,6
橘,6
呈,6
懵,6
躇,6
瓠,6
馀,6
螽,6
祛,6
盏,6
檄,6
串,6
闯,6
仍,6
蕊,6
铩,6
槌,6
踔,6
咧,6
蠙,6
匆,6
廓,6
葫,6
鸭,6
擂,6
厦,6
湮,6
忱,6
谠,6
耨,6
嫂,6
荻,6
沛,6
册,6
纹,6
喋,6
拼,6
朔,6
挦,6
挹,6
萁,6
踽,6
楮,6
癖,6
簧,6
菁,6
娜,6
峨,6
殍,6
皁,6
旺,6
诬,6
曙,6
苒,6
霁,6
禾,6
傥,6
皎,6
讽,6
稚,6
荷,6
溪,6
螫,6
该,6
赶,6
裤,6
櫜,6
缟,6
藜,6
哽,6
猬,6
濠,6
甄,6
呱,6
仃,6
淬,6
税,6
徘,6
亥,6
嬉,6
檗,6
罕,6
侠,6
佚,6
俟,6
伫,6
挡,6
苛,6
峥,6
倨,6
鹓,6
吕,6
掳,6
隳,6
琪,6
辘,6
赍,6
畸,6
跼,6
挤,6
稷,6
藿,6
帐,6
嫩,6
骜,6
帼,6
壳,6
仅,6
俪,6
课,6
跫,6
邈,6
芷,6
什,6
沅,6
嵚,6
匝,6
脯,6
洛,6
竦,6
胧,6
腼,6
狰,6
砻,6
匣,6
藤,6
啪,6
翘,6
奄,6
妥,6
悄,6
樵,6
惬,6
签,6
穰,6
歉,6
煦,6
饫,6
佼,6
恙,5
姻,5
驶,5
虹,5
瓯,5
绊,5
殄,5
胥,5
谙,5
籥,5
圃,5
币,5
陬,5
圈,5
悯,5
婴,5
湃,5
鬯,5
秕,5
枵,5
窬,5
砭,5
抃,5
彪,5
斥,5
禅,5
壸,5
逋,5
歠,5
哈,5
估,5
疗,5
限,5
痕,5
段,5
钦,5
妨,5
瀣,5
澹,5
邱,5
囹,5
圄,5
岑,5
诨,5
铲,5
怅,5
晖,5
挚,5
滓,5
掂,5
佑,5
汰,5
蚩,5
摛,5
腻,5
缣,5
绸,5
咨,5
踌,5
舛,5
怆,5
找,5
饵,5
纯,5
脊,5
催,5
删,5
碗,5
涔,5
霓,5
磅,5
禹,5
院,5
绶,5
撅,5
检,5
镬,5
筐,5
陇,5
輶,5
馨,5
坼,5
堤,5
酥,5
嘟,5
癫,5
掐,5
楷,5
觑,5
恫,5
斛,5
黩,5
诫,5
锻,5
甑,5
缶,5
旬,5
宪,5
硎,5
嗣,5
准,5
幡,5
诽,5
伉,5
芹,5
晒,5
倜,5
凰,5
倩,5
臬,5
诉,5
萼,5
冕,5
湛,5
簋,5
黻,5
诟,5
埒,5
喟,5
愎,5
皋,5
瓴,5
绔,5
腴,5
跟,5
频,5
供,5
篝,5
忻,5
鹘,5
聒,5
蜩,5
螗,5
憨,5
掬,5
匍,5
眸,5
汁,5
奖,5
帙,5
瞵,5
蝼,5
腿,5
墟,5
泡,5
啣,5
潢,5
泯,5
飏,5
萦,5
慑,5
幾,5
掎,5
述,5
蹶,5
监,5
謇,5
黏,5
粘,5
醴,5
桶,5
噤,5
驼,5
榛,5
讪,5
刎,5
镌,5
葬,5
龈,5
佐,5
拓,5
恪,5
郡,5
悃,5
栈,5
缧,5
骊,5
黎,5
溥,5
鞅,5
肋,5
况,5
蹴,5
蓑,5
驿,5
朦,5
哲,5
拟,5
嗫,5
搦,5
藕,5
嘘,5
绽,5
胼,5
餍,5
阒,5
冗,5
耶,5
陨,5
齧,5
寤,5
虽,5
嵘,5
忝,5
彤,5
跅,5
詹,5
謏,5
谑,5
迂,5
捱,4
蔼,4
屹,4
莹,4
楔,4
扛,4
尉,4
娑,4
楣,4
稗,4
驳,4
砸,4
阪,4
伴,4
绥,4
贸,4
柝,4
爆,4
龌,4
龊,4
槽,4
衽,4
澎,4
垩,4
毖,4
绨,4
褛,4
仞,4
尹,4
飙,4
丙,4
蕉,4
叔,4
簸,4
擘,4
悱,4
寞,4
荤,4
揪,4
磷,4
絫,4
谕,4
董,4
袜,4
涧,4
酷,4
怛,4
獠,4
缱,4
绻,4
蟾,4
徜,4
嫦,4
督,4
虀,4
吵,4
辐,4
隘,4
痼,4
贡,4
眄,4
菊,4
璇,4
赧,4
僭,4
础,4
痍,4
搥,4
沂,4
戳,4
茨,4
赅,4
撺,4
莛,4
冈,4
纛,4
朵,4
滂,4
狩,4
厢,4
乙,4
楹,4
笈,4
椒,4
鼷,4
库,4
陪,4
岛,4
孩,4
屐,4
筌,4
耷,4
藩,4
攧,4
谟,4
钿,4
膂,4
铛,4
拦,4
央,4
瘝,4
抖,4
哝,4
疽,4
脰,4
鹞,4
刷,4
控,4
叉,4
莩,4
鹗,4
棠,4
秃,4
掖,4
闼,4
隶,4
蔑,4
颅,4
仿,4
徨,4
饷,4
斐,4
贮,4
遝,4
蚀,4
豨,4
贺,4
俛,4
簠,4
坟,4
膻,4
疣,4
酱,4
袴,4
抒,4
柢,4
癸,4
箴,4
襄,4
垆,4
讴,4
馁,4
兮,4
瑰,4
瞰,4
俩,4
午,4
驻,4
蘗,4
噀,4
匐,4
蚍,4
蜉,4
濮,4
悭,4
鲋,4
诳,4
帨,4
摔,4
瑚,4
柙,4
哨,4
猊,4
韫,4
婪,4
靖,4
罩,4
铎,4
伞,4
镫,4
叽,4
械,4
蛋,4
基,4
亟,4
遽,4
偾,4
跬,4
忆,4
赈,4
袋,4
枷,4
虢,4
蒹,4
虾,4
燋,4
踢,4
剿,4
坊,4
缭,4
彀,4
鼍,4
炯,4
赳,4
阍,4
丐,4
芜,4
撧,4
倔,4
麇,4
悌,4
跣,4
抠,4
郐,4
勉,4
捋,4
阆,4
莱,4
绁,4
屩,4
庶,4
厨,4
耦,4
刘,4
钞,4
阎,4
奂,4
穆,4
溲,4
笺,4
鹦,4
鹉,4
盾,4
欧,4
扃,4
讯,4
娶,4
埴,4
谓,4
糖,4
捻,4
兹,4
尿,4
涅,4
嚅,4
忸,4
怩,4
籐,4
啦,4
谅,4
拗,4
奚,4
脐,4
骐,4
襦,4
搴,4
堙,4
跷,4
妾,4
愉,4
秩,4
恟,4
熔,4
彝,4
筵,4
痔,4
皦,4
慵,4
獐,4
缊,4
耍,4
瞳,4
肢,4
聿,4
寅,4
谘,4
崭,4
哓,4
喑,4
睽,4
帏,4
嵬,4
痿,4
帅,4
呜,4
淅,4
阋,4
喣,4
亿,4
褎,4
栩,4
泱,4
窈,4
薏,4
苡,4
箓,4
僝,4
僽,4
澡,4
矻,4
趄,4
膀,3
暧,3
轧,3
卬,3
凸,3
呷,3
峋,3
睢,3
玷,3
旄,3
恰,3
趼,3
捭,3
卦,3
版,3
鸯,3
煖,3
飨,3
瑾,3
侪,3
憔,3
粤,3
辽,3
坍,3
斲,3
褴,3
擗,3
扁,3
卞,3
醨,3
它,3
摈,3
窑,3
骀,3
蛊,3
虻,3
汞,3
罅,3
最,3
睬,3
哼,3
稼,3
穑,3
怍,3
窠,3
腆,3
脩,3
哂,3
葑,3
渣,3
惴,3
锷,3
绞,3
慝,3
剗,3
刬,3
脔,3
敞,3
怊,3
涨,3
疴,3
疢,3
伙,3
巇,3
窒,3
螭,3
踟,3
绾,3
舂,3
畴,3
辇,3
樗,3
荛,3
褚,3
壅,3
箎,3
螺,3
莼,3
鷇,3
睿,3
麤,3
拢,3
篡,3
哥,3
麕,3
迳,3
沱,3
诏,3
儋,3
铗,3
舔,3
廪,3
囷,3
殣,3
哆,3
噜,3
型,3
蛤,3
棚,3
斡,3
遒,3
鲽,3
鹣,3
叮,3
膜,3
抄,3
诓,3
邮,3
垛,3
剐,3
捩,3
或,3
灸,3
燔,3
员,3
糗,3
簷,3
遯,3
胖,3
掰,3
锡,3
胙,3
娆,3
懋,3
懿,3
旖,3
旎,3
暝,3
镝,3
笙,3
跗,3
弼,3
饬,3
簦,3
苇,3
旮,3
旯,3
戆,3
蹠,3
馘,3
饩,3
磔,3
谇,3
诣,3
湔,3
蕃,3
蝟,3
佹,3
祟,3
嗥,3
蜮,3
咳,3
岱,3
蜃,3
坡,3
徵,3
蓼,3
逡,3
沆,3
啕,3
件,3
鲤,3
茸,3
诿,3
毓,3
枳,3
廋,3
袄,3
荟,3
愦,3
沮,3
殖,3
膳,3
笄,3
虮,3
觎,3
冀,3
枥,3
歼,3
绛,3
皱,3
鹪,3
尼,3
噍,3
阡,3
黠,3
虔,3
癞,3
癣,3
谮,3
颇,3
缙,3
愕,3
甫,3
蟆,3
醯,3
侔,3
蘖,3
疚,3
叵,3
挛,3
衲,3
龃,3
龉,3
徼,3
橛,3
凯,3
尻,3
颗,3
稊,3
筛,3
耒,3
畔,3
牡,3
橱,3
琳,3
垄,3
劚,3
纂,3
跂,3
攞,3
缤,3
穗,3
吓,3
曰,3
榇,3
宙,3
礲,3
窕,3
呐,3
阮,3
坂,3
撚,3
樊,3
渚,3
秾,3
胀,3
喏,3
沤,3
刨,3
噼,3
陂,3
跹,3
笛,3
叙,3
罐,3
抔,3
瓣,3
湾,3
郤,3
咻,3
祷,3
萝,3
戕,3
愀,3
磋,3
埶,3
劬,3
畎,3
孰,3
镕,3
缮,3
芸,3
烜,3
鼯,3
租,3
倖,3
缀,3
倏,3
麞,3
晶,3
憾,3
猥,3
昙,3
逖,3
靦,3
镞,3
搡,3
惘,3
岫,3
箔,3
萎,3
虺,3
姚,3
忤,3
札,3
欷,3
歔,3
狎,3
揜,3
饧,3
呴,3
橡,3
歇,3
邂,3
逅,3
鼹,3
酖,3
爷,3
镒,3
氤,3
氲,3
夤,3
袁,3
阅,3
臧,3
站,3
赭,3
舳,3
舻,3
柚,3
茁,3
趑,3
邹,3
毗,2
缉,2
捺,2
滩,2
凹,2
佶,2
謷,2
呿,2
懊,2
轿,2
螯,2
姬,2
灞,2
皑,2
扳,2
塘,2
苴,2
婺,2
鸨,2
茗,2
饯,2
萋,2
惫,2
贲,2
娼,2
俾,2
俚,2
漾,2
穽,2
邢,2
惰,2
浼,2
弁,2
髦,2
儛,2
摽,2
憋,2
粹,2
窖,2
烺,2
禀,2
徧,2
粼,2
眯,2
谿,2
渤,2
踣,2
跛,2
檠,2
蓍,2
轾,2
稂,2
铓,2
闇,2
杓,2
祧,2
忮,2
罡,2
蹒,2
跚,2
嘈,2
狝,2
厕,2
牟,2
搽,2
姹,2
搀,2
娟,2
冁,2
歜,2
苌,2
徉,2
惝,2
屙,2
湎,2
鴈,2
蔡,2
祜,2
桴,2
壻,2
橙,2
魍,2
魉,2
魑,2
蹰,2
泓,2
哙,2
膊,2
敕,2
跸,2
栎,2
谡,2
湘,2
恸,2
笫,2
侍,2
跺,2
酾,2
韭,2
菘,2
祈,2
笋,2
鲈,2
呲,2
蹿,2
殪,2
啛,2
嗒,2
撂,2
隧,2
咆,2
哮,2
醪,2
但,2
撇,2
蔗,2
耙,2
俨,2
隽,2
劭,2
邵,2
荧,2
邓,2
咋,2
羝,2
嘀,2
溅,2
谛,2
诰,2
莋,2
栏,2
鼐,2
剂,2
拌,2
躞,2
姣,2
砍,2
睃,2
眺,2
撦,2
逛,2
凊,2
綮,2
俞,2
咈,2
兜,2
擞,2
陡,2
柑,2
蔻,2
囔,2
鹃,2
稿,2
蛔,2
渖,2
筝,2
簿,2
囤,2
撷,2
眶,2
婀,2
螓,2
搤,2
鹂,2
鳄,2
撕,2
轫,2
柜,2
甕,2
梵,2
圜,2
剚,2
裔,2
醲,2
秒,2
址,2
蔀,2
暄,2
樯,2
羯,2
虿,2
谖,2
帔,2
怫,2
暂,2
岚,2
艴,2
斨,2
嵎,2
彊,2
轹,2
祀,2
荠,2
娴,2
莅,2
躅,2
黧,2
饲,2
蔕,2
辀,2
诼,2
淈,2
仑,2
瓞,2
键,2
闩,2
偪,2
僚,2
惸,2
闚,2
旃,2
髻,2
搘,2
皈,2
吒,2
鼾,2
泳,2
扞,2
魃,2
熯,2
炽,2
昊,2
诃,2
溓,2
曷,2
槊,2
渲,2
輷,2
捎,2
鶱,2
丕,2
羿,2
囫,2
囵,2
尨,2
琏,2
觫,2
餬,2
蹲,2
珀,2
阄,2
迸,2
萑,2
苻,2
缦,2
豢,2
鲐,2
绢,2
纾,2
汜,2
垫,2
褫,2
蒜,2
岌,2
辑,2
觊,2
绂,2
吷,2
泆,2
嚷,2
猱,2
斠,2
谚,2
窘,2
棁,2
剉,2
稾,2
適,2
棹,2
昨,2
贳,2
侭,2
迍,2
邅,2
搢,2
瞥,2
悸,2
渫,2
憬,2
啾,2
洲,2
蛰,2
酽,2
黥,2
劓,2
喂,2
皲,2
訚,2
憍,2
嗑,2
噱,2
洼,2
胯,2
岿,2
捆,2
剌,2
熳,2
竽,2
帕,2
嬛,2
瑯,2
忉,2
唠,2
醄,2
礌,2
瞌,2
矗,2
骍,2
嫠,2
澧,2
惛,2
昬,2
诤,2
踉,2
跄,2
嘹,2
呖,2
霖,2
觜,2
佣,2
绫,2
卤,2
亸,2
螟,2
虬,2
洩,2
卮,2
詟,2
滨,2
翱,2
裎,2
裼,2
绎,2
骆,2
珞,2
痹,2
痺,2
檀,2
嘱,2
鬣,2
妁,2
铳,2
麋,2
媮,2
缗,2
偭,2
渑,2
摹,2
胞,2
锃,2
睐,2
仄,2
珂,2
瞢,2
酩,2
酊,2
刓,2
蹭,2
眵,2
貊,2
塑,2
眢,2
聘,2
鴂,2
呶,2
儗,2
髭,2
鲇,2
鲶,2
缴,2
淄,2
喔,2
咿,2
槿,2
杷,2
谒,2
泮,2
彦,2
煽,2
徬,2
匏,2
赔,2
弸,2
彭,2
鹢,2
鼙,2
渎,2
拇,2
剽,2
頞,2
乒,2
乓,2
轼,2
罍,2
妈,2
裒,2
菩,2
萨,2
牒,2
欹,2
嘁,2
繇,2
祇,2
麒,2
澌,2
馗,2
箝,2
嘿,2
搾,2
榨,2
诩,2
恳,2
霹,2
雳,2
徭,2
衙,2
猨,2
隗,2
账,2
诐,2
妃,2
媲,2
诠,2
榷,2
郞,2
朘,2
倥,2
妣,2
醍,2
醐,2
蠕,2
昇,2
赛,2
牲,2
啬,2
脖,2
歃,2
蔌,2
姗,2
宥,2
莘,2
閒,2
鼪,2
绑,2
桡,2
痂,2
姊,2
妹,2
赇,2
摅,2
搠,2
僇,2
垮,2
嵩,2
赀,2
餮,2
弢,2
汩,2
滕,2
匈,2
么,2
晰,2
框,2
僮,2
铤,2
畀,2
瘏,2
剸,2
褪,2
糅,2
婉,2
覈,2
煨,2
佗,2
亹,2
葸,2
觌,2
斌,2
捰,2
垠,2
呻,2
届,2
笥,2
窸,2
窣,2
诜,2
褱,2
硝,2
襪,2
燮,2
緌,2
奓,2
伈,2
睍,2
盱,2
晃,2
缥,2
旭,2
勖,2
鞀,2
绚,2
愠,2
荀,2
亚,2
覃,2
骼,2
募,2
纚,2
峣,2
夔,2
貉,2
紊,2
些,2
酲,2
悒,2
熠,2
霾,2
崟,2
媟,2
噉,2
嘤,2
篲,2
忡,2
渍,2
囿,2
芊,2
孕,2
刖,2
匀,2
詀,2
屺,2
辗,2
慄,2
餗,2
狉,2
棼,2
岵,2
鸷,2
巘,2
诪,2
侏,2
莪,2
诹,2
龇,2
孥,2
逭,2
捂,2
匼,1
陀,1
唉,1
嗳,1
僾,1
份,1
礁,1
遨,1
喇,1
纮,1
踩,1
踕,1
踬,1
藋,1
晾,1
趟,1
袷,1
帢,1
怖,1
苋,1
茄,1
啭,1
炀,1
笳,1
阀,1
庥,1
坌,1
脣,1
墐,1
埽,1
蒌,1
綈,1
阂,1
膘,1
迨,1
餞,1
椀,1
燹,1
掤,1
尪,1
穅,1
腯,1
弈,1
澥,1
订,1
啻,1
偢,1
倸,1
瞅,1
畛,1
尴,1
尬,1
採,1
媿,1
猧,1
魀,1
習,1
颿,1
痡,1
芍,1
賸,1
礉,1
菅,1
薙,1
婵,1
豸,1
褥,1
猖,1
獗,1
愓,1
砑,1
粃,1
熹,1
柁,1
夥,1
嬗,1
祐,1
桔,1
砣,1
笞,1
嗤,1
胾,1
棂,1
鲵,1
鏖,1
吰,1
谹,1
墉,1
祕,1
蛴,1
蛱,1
搧,1
爇,1
漉,1
挣,1
搨,1
蹋,1
袗,1
筇,1
惙,1
洇,1
猝,1
踧,1
踖,1
璀,1
璨,1
坱,1
珰,1
垱,1
閧,1
輗,1
辂,1
吆,1
裨,1
礨,1
挞,1
桷,1
躭,1
紞,1
彟,1
珮,1
峡,1
荃,1
迴,1
踄,1
蓦,1
絓,1
羼,1
侄,1
阽,1
圯,1
簟,1
搯,1
蚶,1
蛩,1
蹀,1
踱,1
瞧,1
曦,1
踅,1
撙,1
箑,1
猲,1
榫,1
荳,1
逗,1
泷,1
鼇,1
篾,1
棊,1
惇,1
臀,1
睩,1
俸,1
墦,1
阬,1
驺,1
呗,1
圮,1
芽,1
鲂,1
赪,1
袱,1
蝗,1
宍,1
陕,1
枌,1
玺,1
畋,1
恚,1
懑,1
硗,1
阯,1
靓,1
飑,1
肮,1
飖,1
涡,1
遘,1
笯,1
吪,1
鬐,1
谫,1
謭,1
愬,1
韡,1
搪,1
翳,1
捍,1
蝮,1
瓿,1
嘎,1
谥,1
糇,1
褊,1
岗,1
浍,1
纻,1
暍,1
耡,1
唅,1
禧,1
龚,1
壕,1
俜,1
桨,1
寺,1
圞,1
劘,1
瞍,1
蒭,1
萏,1
沍,1
锢,1
瘼,1
瓤,1
莞,1
盥,1
袤,1
菟,1
闱,1
琦,1
僪,1
劖,1
鲫,1
卻,1
潠,1
箦,1
涝,1
舰,1
郝,1
欠,1
欱,1
歕,1
汾,1
僿,1
躺,1
毳,1
鳦,1
黉,1
搰,1
魇,1
縠,1
觳,1
兕,1
琥,1
楛,1
貎,1
裈,1
飐,1
颭,1
忭,1
驩,1
髫,1
驸,1
闰,1
恑,1
憰,1
恛,1
忏,1
墁,1
杕,1
惓,1
眊,1
膇,1
慴,1
馑,1
馌,1
犄,1
跻,1
鹡,1
鸰,1
襼,1
摭,1
豭,1
恝,1
氏,1
韧,1
瞚,1
鞬,1
蛆,1
诮,1
跽,1
鬲,1
鹩,1
抂,1
踹,1
焯,1
茬,1
磝,1
碻,1
洿,1
楶,1
篦,1
畹,1
觿,1
徽,1
鲙,1
镶,1
蜷,1
踡,1
祲,1
捲,1
妩,1
澭,1
穉,1
庀,1
垓,1
埏,1
蔺,1
麹,1
稻,1
僦,1
抅,1
鞫,1
膑,1
蠲,1
狷,1
睠,1
蹯,1
崛,1
腭,1
逑,1
恺,1
坷,1
埳,1
玠,1
逵,1
犒,1
镪,1
脬,1
票,1
蚤,1
垦,1
枿,1
姱,1
蒻,1
恇,1
狴,1
犴,1
炸,1
恠,1
嫖,1
琨,1
鹍,1
愊,1
扩,1
滫,1
幞,1
廊,1
锒,1
妪,1
絏,1
耜,1
傫,1
娄,1
窎,1
郦,1
帧,1
瑑,1
潼,1
赁,1
缎,1
羚,1
聆,1
邕,1
甸,1
跧,1
踯,1
跱,1
沼,1
斸,1
勠,1
孪,1
螃,1
浡,1
蚂,1
杆,1
蟒,1
篁,1
韪,1
糱,1
沬,1
祚,1
甿,1
蝴,1
轲,1
寮,1
彷,1
悰,1
乜,1
闵,1
黾,1
鸲,1
愍,1
码,1
苹,1
蛉,1
绖,1
谞,1
蛀,1
忳,1
怔,1
眐,1
褦,1
襶,1
鴃,1
舣,1
谜,1
嗓,1
蛲,1
呢,1
惄,1
蔫,1
卲,1
翚,1
狃,1
茏,1
娲,1
殴,1
奡,1
蒐,1
炰,1
瀽,1
怦,1
鴳,1
膈,1
黡,1
靥,1
捡,1
枇,1
癃,1
睥,1
咮,1
撰,1
帡,1
缾,1
掊,1
忒,1
溽,1
併,1
岖,1
旆,1
綦,1
瞶,1
棨,1
讫,1
迄,1
颡,1
剁,1
姐,1
拑,1
羌,1
蜣,1
浉,1
撬,1
鞘,1
蜊,1
瑳,1
鈇,1
榼,1
锲,1
噙,1
纩,1
蚨,1
慇,1
枫,1
傜,1
庋,1
竣,1
洌,1
蜻,1
蜓,1
忺,1
蕖,1
禳,1
榖,1
瞿,1
掿,1
辁,1
镊,1
佔,1
傚,1
湲,1
偬,1
傯,1
劻,1
勷,1
这,1
蕤,1
霭,1
齏,1
岔,1
跪,1
叁,1
桊,1
棬,1
哧,1
藨,1
蓺,1
砠,1
厓,1
殽,1
湋,1
澨,1
芟,1
潸,1
衄,1
嫚,1
勺,1
歙,1
腧,1
墺,1
劾,1
抶,1
怿,1
鼬,1
绯,1
褵,1
泐,1
鐀,1
鲭,1
掼,1
俑,1
荑,1
迒,1
渥,1
汙,1
嫡,1
裋,1
孀,1
漕,1
噞,1
忪,1
绺,1
骞,1
咷,1
筠,1
崧,1
徂,1
虵,1
睟,1
縻,1
窿,1
耈,1
惏,1
痰,1
胠,1
倘,1
淌,1
掏,1
甓,1
猗,1
礜,1
鐍,1
酤,1
禿,1
缇,1
鶗,1
涟,1
沲,1
逷,1
慭,1
憗,1
畯,1
佻,1
龆,1
粜,1
铆,1
呫,1
埠,1
膨,1
痌,1
购,1
捅,1
桕,1
翕,1
幪,1
蜿,1
蜒,1
嚚,1
堡,1
瘖,1
琉,1
璃,1
汀,1
勘,1
逶,1
迤,1
隈,1
澒,1
伥,1
敺,1
醮,1
汶,1
扉,1
噫,1
殇,1
罣,1
柰,1
馎,1
饦,1
斓,1
羖,1
痨,1
莒,1
赆,1
琛,1
釐,1
羲,1
菌,1
埜,1
岘,1
傀,1
儡,1
培,1
纱,1
骁,1
鸝,1
翛,1
崤,1
碟,1
敩,1
筴,1
锉,1
挝,1
忲,1
夯,1
壬,1
焮,1
醎,1
盹,1
崄,1
侥,1
匽,1
菖,1
敻,1
篙,1
臾,1
缈,1
魆,1
酗,1
諠,1
翾,1
鼗,1
崕,1
妓,1
泫,1
薛,1
鸴,1
碳,1
佥,1
揠,1
淼,1
阈,1
笤,1
泝,1
窆,1
胔,1
扊,1
扅,1
掞,1
幙,1
蝠,1
眴,1
很,1
笆,1
阸,1
麽,1
鹨,1
穠,1
襛,1
祅,1
幌,1
麰,1
店,1
燿,1
邺,1
摋,1
悮,1
档,1
匙,1
嚬,1
刹,1
那,1
霎,1
晌,1
谶,1
眨,1
缐,1
獍,1
褧,1
雩,1
筦,1
瑱,1
貍,1
郄,1
餧,1
弋,1
苔,1
遄,1
瘗,1
叆,1
叇,1
噁,1
亵,1
樱,1
嬴,1
狖,1
轭,1
杅,1
於,1
珎,1
祭,1
鞞,1
枋,1
圪,1
垯,1
疙,1
瘩,1
褕,1
翮,1
旸,1
琚,1
琯,1
球,1
楯,1
濩,1
蜎,1
憝,1
茝,1
茞,1
爰,1
隰,1
鼋,1
躐,1
堦,1
雹,1
盍,1
坯,1
髊,1
齰,1
溉,1
鹯,1
刈,1
濊,1
瘅,1
慞,1
筭,1
罇,1
旂,1
馐,1
镀,1
嗽,1
崔,1
臃,1
吱,1
哩,1
哇,1
蹬,1
睖,1
扺,1
偻,1
谱,1
伛,1
婑,1
媠,1
冓,1
龠,1
纰,1
貤,1
狥,1
侜,1
轳,1
榴,1
轓,1
洙,1
磒,1
篮,1
鞵,1
麈,1
纣,1
诅,1
饐,1
鮀,1
啰,1
逻,1
赚,1
嫫,1
搕,1
輐,1
琱,1
浞,1
訾,1
俫,1
寖,1
趦,1
刽,1
牺,1
牾,1
诒,1
燧,1
晬,1
帑,1
蕞,1
凳,1
葄,1
